"","x"
"1",0.0125335147604346
"2",0.0125825069844723
"3",0.0126796551048756
"4",0.0125605035573244
"5",0.0155619261786342
"6",0.0155619261786342
"7",0.0155619261786342
"8",0.0155619261786342
"9",0.012587851844728
"10",0.012587851844728
"11",0.012587851844728
"12",0.012587851844728
"13",0.012587851844728
"14",0.012587851844728
"15",0.012587851844728
"16",0.012587851844728
"17",0.012587851844728
"18",0.0125119918957353
"19",0.0123589020222425
"20",0.015515317209065
"21",0.0124258920550346
"22",0.012652131728828
"23",0.0158296041190624
"24",0.0158296041190624
"25",0.012652131728828
"26",0.0126883676275611
"27",0.0126883676275611
"28",0.0126883676275611
"29",0.0125627815723419
"30",0.0126883676275611
"31",0.015986880287528
"32",0.0127883907407522
"33",0.012626932002604
"34",0.012626932002604
"35",0.012626932002604
"36",0.012626932002604
"37",0.012626932002604
"38",0.012626932002604
"39",0.012626932002604
"40",0.0161840636283159
"41",0.012626932002604
"42",0.012626932002604
"43",0.012626932002604
"44",0.012626932002604
"45",0.012626932002604
"46",0.012626932002604
"47",0.012626932002604
"48",0.012626932002604
"49",0.012626932002604
"50",0.012626932002604
"51",0.0123555697500706
"52",0.012626932002604
"53",0.0123134506866336
"54",0.0123134506866336
"55",0.0126550272107124
"56",0.0161639507859945
"57",0.0126550272107124
"58",0.0127049582079053
"59",0.0127049582079053
"60",0.0127049582079053
"61",0.0127049582079053
"62",0.0123771857470274
"63",0.0158309508115053
"64",0.0158309508115053
"65",0.0133983688428998
"66",0.0133983688428998
"67",0.0133983688428998
"68",0.0138310715556145
"69",0.0138310715556145
"70",0.0165977124124765
"71",0.0165977124124765
"72",0.0165977124124765
"73",0.0177548062056303
"74",0.0177548062056303
"75",0.0118021182715893
"76",0.0117847938090563
"77",0.0118021182715893
"78",0.0118021182715893
"79",0.0118021182715893
"80",0.0167449302971363
"81",0.0167449302971363
"82",0.0167449302971363
"83",0.0167449302971363
"84",0.0167449302971363
"85",0.0166004002094269
"86",0.0167449302971363
"87",0.0167449302971363
"88",0.0167449302971363
"89",0.0167449302971363
"90",0.0167449302971363
"91",0.0167449302971363
"92",0.0116673009470105
"93",0.0116361873224378
"94",0.0168555062264204
"95",0.0168555062264204
"96",0.0168555062264204
"97",0.0168555062264204
"98",0.0168555062264204
"99",0.0168555062264204
"100",0.0168555062264204
"101",0.0168555062264204
"102",0.0168555062264204
"103",0.0169755537062883
"104",0.0169755537062883
"105",0.0169755537062883
"106",0.0169755537062883
"107",0.0169755537062883
"108",0.0169755537062883
"109",0.0169755537062883
"110",0.0169755537062883
"111",0.0169755537062883
"112",0.0169755537062883
"113",0.0169755537062883
"114",0.0169755537062883
"115",0.0169755537062883
"116",0.0169755537062883
"117",0.0169755537062883
"118",0.0169755537062883
"119",0.0169755537062883
"120",0.0169755537062883
"121",0.0169755537062883
"122",0.0169755537062883
"123",0.0169082842767239
"124",0.0169082842767239
"125",0.0156594850122929
"126",0.0165199711918831
"127",0.0156594850122929
"128",0.0165199711918831
"129",0.0156594850122929
"130",0.0169755537062883
"131",0.0169755537062883
"132",0.0169755537062883
"133",0.0171977858990431
"134",0.0171977858990431
"135",0.0171977858990431
"136",0.0171977858990431
"137",0.0171757433563471
"138",0.0171757433563471
"139",0.0171757433563471
"140",0.0171757433563471
"141",0.0171757433563471
"142",0.0171757433563471
"143",0.0171977858990431
"144",0.0171977858990431
"145",0.0171977858990431
"146",0.0171757433563471
"147",0.0171757433563471
"148",0.0171757433563471
"149",0.0171757433563471
"150",0.0171757433563471
"151",0.0171757433563471
"152",0.0171977858990431
"153",0.0171757433563471
"154",0.0171757433563471
"155",0.0170469377189875
"156",0.0170469377189875
"157",0.0170469377189875
"158",0.0170469377189875
"159",0.0170469377189875
"160",0.0171612836420536
"161",0.0171612836420536
"162",0.0171612836420536
"163",0.0171612836420536
"164",0.0171612836420536
"165",0.0171612836420536
"166",0.0171612836420536
"167",0.0171612836420536
"168",0.0171612836420536
"169",0.0171612836420536
"170",0.0171612836420536
"171",0.0171612836420536
"172",0.0145306922495365
"173",0.0172830522060394
"174",0.0172830522060394
"175",0.0171612836420536
"176",0.0171612836420536
"177",0.0171612836420536
"178",0.0171612836420536
"179",0.0171612836420536
"180",0.0172830522060394
"181",0.0172830522060394
"182",0.0172830522060394
"183",0.0172781217843294
"184",0.0172781217843294
"185",0.0172830522060394
"186",0.0171612836420536
"187",0.0171612836420536
"188",0.0171612836420536
"189",0.0171612836420536
"190",0.0170782562345266
"191",0.015665328130126
"192",0.0170782562345266
"193",0.0170782562345266
"194",0.0116342166438699
"195",0.0117852883413434
"196",0.0125265624374151
"197",0.0109995352104306
"198",0.0109995352104306
"199",0.0121990572661161
"200",0.0162670891731977
"201",0.0162670891731977
"202",0.014246528968215
"203",0.0143626471981406
"204",0.0157182794064283
"205",0.0155150173231959
"206",0.0154473204165697
"207",0.0155789917334914
"208",0.0155789917334914
"209",0.015657352283597
"210",0.0151628684252501
"211",0.015657352283597
"212",0.0160622857511044
"213",0.0160227157175541
"214",0.0160227157175541
"215",0.0161778125911951
"216",0.0158151313662529
"217",0.0169280245900154
"218",0.0165615510195494
"219",0.0160715039819479
"220",0.0160715039819479
"221",0.0145591692999005
"222",0.0156171442940831
"223",0.0143747860565782
"224",0.0146640622988343
"225",0.0140115637332201
"226",0.0146640622988343
"227",0.0141607923433185
"228",0.0159342717379332
"229",0.0159342717379332
"230",0.0141607923433185
"231",0.0145643092691898
"232",0.0145643092691898
"233",0.0136742116883397
"234",0.0136742116883397
"235",0.0136742116883397
"236",0.0140975350514054
"237",0.0148494299501181
"238",0.0145766446366906
"239",0.0145766446366906
"240",0.0152274928987026
"241",0.0152274928987026
"242",0.0137948114424944
"243",0.0137948114424944
"244",0.0152274928987026
"245",0.0152274928987026
"246",0.013429269194603
"247",0.013429269194603
"248",0.0190360900014639
"249",0.0147822871804237
"250",0.0130906729027629
"251",0.0186064802110195
"252",0.0186064802110195
"253",0.0186064802110195
"254",0.0175884980708361
"255",0.0129577787593007
"256",0.0129577787593007
"257",0.0147233409807086
"258",0.0129577787593007
"259",0.0129577787593007
"260",0.0133474916219711
"261",0.0143430503085256
"262",0.013178737834096
"263",0.0143430503085256
"264",0.0127282897010446
"265",0.0127282897010446
"266",0.0127282897010446
"267",0.013891264796257
"268",0.0131467403843999
"269",0.0127282897010446
"270",0.0131467403843999
"271",0.0131467403843999
"272",0.0126295480877161
"273",0.013891264796257
"274",0.0131884785369039
"275",0.013891264796257
"276",0.0131467403843999
"277",0.0127282897010446
"278",0.0127282897010446
"279",0.0131467403843999
"280",0.0131467403843999
"281",0.0126295480877161
"282",0.0131467403843999
"283",0.0131467403843999
"284",0.0131467403843999
"285",0.0131467403843999
"286",0.0131467403843999
"287",0.0126295480877161
"288",0.0126295480877161
"289",0.0131467403843999
"290",0.0131467403843999
"291",0.0131467403843999
"292",0.0124724740162492
"293",0.0124724740162492
"294",0.0126295480877161
"295",0.0126295480877161
"296",0.0126295480877161
"297",0.0126295480877161
"298",0.0126295480877161
"299",0.0126295480877161
"300",0.0131467403843999
"301",0.0126295480877161
"302",0.0130192218348384
"303",0.0130823673680425
"304",0.0130192218348384
"305",0.0130045590922236
"306",0.0130192218348384
"307",0.0134304137900472
"308",0.0134304137900472
"309",0.0130045590922236
"310",0.0130045590922236
"311",0.0130045590922236
"312",0.0130045590922236
"313",0.0130045590922236
"314",0.0130823673680425
"315",0.0130192218348384
"316",0.0130192218348384
"317",0.0130192218348384
"318",0.0134476497769356
"319",0.0130823673680425
"320",0.0129943452775478
"321",0.0129943452775478
"322",0.0129943452775478
"323",0.0134476497769356
"324",0.0134476497769356
"325",0.0129943452775478
"326",0.0130192218348384
"327",0.0130192218348384
"328",0.0130192218348384
"329",0.0134476497769356
"330",0.0142660979181528
"331",0.0130192218348384
"332",0.0130192218348384
"333",0.0126335714012384
"334",0.0134476497769356
"335",0.0134476497769356
"336",0.0134476497769356
"337",0.0129943452775478
"338",0.0125937955453992
"339",0.0125937955453992
"340",0.0125937955453992
"341",0.0126335714012384
"342",0.0125937955453992
"343",0.0130045590922236
"344",0.0130045590922236
"345",0.0134304137900472
"346",0.0134304137900472
"347",0.0134304137900472
"348",0.0134304137900472
"349",0.0134476497769356
"350",0.0142660979181528
"351",0.0142660979181528
"352",0.0134476497769356
"353",0.0130823673680425
"354",0.0125937955453992
"355",0.0153555860742927
"356",0.0153555860742927
"357",0.0125937955453992
"358",0.0126335714012384
"359",0.0126335714012384
"360",0.0154578136280179
"361",0.0135791152715683
"362",0.0132184345275164
"363",0.0132184345275164
"364",0.0132184345275164
"365",0.0135791152715683
"366",0.0135791152715683
"367",0.0135791152715683
"368",0.0148519165813923
"369",0.0135791152715683
"370",0.0123661421239376
"371",0.0134670296683908
"372",0.0140738813206553
"373",0.0140167437493801
"374",0.0120851686224341
"375",0.0140167437493801
"376",0.0140167437493801
"377",0.0140167437493801
"378",0.0140167437493801
"379",0.0146395387127995
"380",0.0140167437493801
"381",0.0140167437493801
"382",0.0140167437493801
"383",0.0140167437493801
"384",0.0146395387127995
"385",0.0140167437493801
"386",0.0140167437493801
"387",0.0146395387127995
"388",0.01330775488168
"389",0.0119844963774085
"390",0.014567444100976
"391",0.0119844963774085
"392",0.014567444100976
"393",0.014567444100976
"394",0.014567444100976
"395",0.0140050072222948
"396",0.0140050072222948
"397",0.014567444100976
"398",0.0141551904380322
"399",0.0128702716901898
"400",0.0153002757579088
"401",0.0128702716901898
"402",0.0142505094408989
"403",0.0138096297159791
"404",0.0153002757579088
"405",0.0138096297159791
"406",0.0153002757579088
"407",0.0138096297159791
"408",0.0153002757579088
"409",0.0138096297159791
"410",0.0153002757579088
"411",0.0138096297159791
"412",0.0153002757579088
"413",0.0153002757579088
"414",0.0153002757579088
"415",0.0153002757579088
"416",0.0142505094408989
"417",0.0141270682215691
"418",0.0140185970813036
"419",0.0122983586043119
"420",0.0122983586043119
"421",0.0140256825834513
"422",0.0140256825834513
"423",0.0140256825834513
"424",0.0148110808804631
"425",0.0140256825834513
"426",0.0140256825834513
"427",0.0148110808804631
"428",0.015492407605052
"429",0.0138488644734025
"430",0.0138488644734025
"431",0.0140256825834513
"432",0.015492407605052
"433",0.0156902372837067
"434",0.0140180708840489
"435",0.0123731689527631
"436",0.0140180708840489
"437",0.0156902372837067
"438",0.0123731689527631
"439",0.0137592423707247
"440",0.013759289868176
"441",0.0131665719673038
"442",0.013759289868176
"443",0.013759289868176
"444",0.013759289868176
"445",0.013759289868176
"446",0.013759289868176
"447",0.013759289868176
"448",0.013759289868176
"449",0.013759289868176
"450",0.013642200268805
"451",0.013642200268805
"452",0.013759289868176
"453",0.013759289868176
"454",0.013759289868176
"455",0.0170578397810459
"456",0.0170578397810459
"457",0.0121140172705054
"458",0.013759289868176
"459",0.013759289868176
"460",0.013759289868176
"461",0.013759289868176
"462",0.013759289868176
"463",0.013759289868176
"464",0.013759289868176
"465",0.013759289868176
"466",0.013759289868176
"467",0.013759289868176
"468",0.0156902372837067
"469",0.013759289868176
"470",0.013759289868176
"471",0.013759289868176
"472",0.013759289868176
"473",0.013759289868176
"474",0.0156888589262962
"475",0.0122468406334519
"476",0.0136404410004616
"477",0.0148742962628603
"478",0.0148742962628603
"479",0.0152248749509454
"480",0.0132474927231669
"481",0.0132474927231669
"482",0.0155996819958091
"483",0.0133000928908587
"484",0.0152248749509454
"485",0.0152248749509454
"486",0.0155996819958091
"487",0.0155996819958091
"488",0.0136404410004616
"489",0.0136061031371355
"490",0.0136061031371355
"491",0.0136061031371355
"492",0.0136061031371355
"493",0.0136061031371355
"494",0.0136061031371355
"495",0.0136190187186003
"496",0.0136190187186003
"497",0.0136190187186003
"498",0.0136190187186003
"499",0.0136190187186003
"500",0.0136190187186003
"501",0.0136190187186003
"502",0.0148697318509221
"503",0.0136190187186003
"504",0.0136190187186003
"505",0.0136190187186003
"506",0.0148697318509221
"507",0.0148697318509221
"508",0.0136190187186003
"509",0.0137423053383827
"510",0.0135980593040586
"511",0.0130985658615828
"512",0.0130985658615828
"513",0.0130985658615828
"514",0.0137423053383827
"515",0.0130985658615828
"516",0.0130985658615828
"517",0.0151951694861054
"518",0.0151951694861054
"519",0.0136489327996969
"520",0.0132592609152198
"521",0.0131132770329714
"522",0.0131132770329714
"523",0.0135691678151488
"524",0.0135691678151488
"525",0.0140869561582804
"526",0.015433432534337
"527",0.0140869561582804
"528",0.0135691678151488
"529",0.013788933865726
"530",0.0137428063899279
"531",0.0137428063899279
"532",0.013788933865726
"533",0.0137428063899279
"534",0.0139399105682969
"535",0.0139399105682969
"536",0.0161323007196188
"537",0.0129259657114744
"538",0.0129259657114744
"539",0.0137428063899279
"540",0.015701973810792
"541",0.015701973810792
"542",0.013616656884551
"543",0.0129259657114744
"544",0.0133447665721178
"545",0.013616656884551
"546",0.013616656884551
"547",0.0133447665721178
"548",0.0137428063899279
"549",0.0133447665721178
"550",0.0167550481855869
"551",0.0132495006546378
"552",0.0137529568746686
"553",0.0139055913314223
"554",0.0132495006546378
"555",0.0132495006546378
"556",0.0132495006546378
"557",0.01661641523242
"558",0.01661641523242
"559",0.0132348854094744
"560",0.0127692949026823
"561",0.0137044806033373
"562",0.0130458017811179
"563",0.0137044806033373
"564",0.0126698613166809
"565",0.0126585215330124
"566",0.0137044806033373
"567",0.0130458017811179
"568",0.0136429825797677
"569",0.0133176287636161
"570",0.0133176287636161
"571",0.0133176287636161
"572",0.0133176287636161
"573",0.0125328879803419
"574",0.0121957398951054
"575",0.0121957398951054
"576",0.0125328879803419
"577",0.0134253911674023
"578",0.0134607944637537
"579",0.0134253911674023
"580",0.0134253911674023
"581",0.0133500071242452
"582",0.0133500071242452
"583",0.0133500071242452
"584",0.0133500071242452
"585",0.0133500071242452
"586",0.0133500071242452
"587",0.0133500071242452
"588",0.0133500071242452
"589",0.0133500071242452
"590",0.0133500071242452
"591",0.0133500071242452
"592",0.0133500071242452
"593",0.0133500071242452
"594",0.0133771616965532
"595",0.0122489156201482
"596",0.0113975489512086
"597",0.0133771616965532
"598",0.0155583415180445
"599",0.0133771616965532
"600",0.0133771616965532
"601",0.0122489156201482
"602",0.0133771616965532
"603",0.0122489156201482
"604",0.0133771616965532
"605",0.0129968598484993
"606",0.0123103996738791
"607",0.0133771616965532
"608",0.0133771616965532
"609",0.0133771616965532
"610",0.0133771616965532
"611",0.0122489156201482
"612",0.0114797726273537
"613",0.0114797726273537
"614",0.0133771616965532
"615",0.0133771616965532
"616",0.0133771616965532
"617",0.0122489156201482
"618",0.0133771616965532
"619",0.0129968598484993
"620",0.0133771616965532
"621",0.0133771616965532
"622",0.0123103996738791
"623",0.0133771616965532
"624",0.0123103996738791
"625",0.0124482214450836
"626",0.0128317978233099
"627",0.0159256476908922
"628",0.0124482214450836
"629",0.0122082559391856
"630",0.0123002771288157
"631",0.0129430228844285
"632",0.0121971648186445
"633",0.0127757228910923
"634",0.0129430228844285
"635",0.0129430228844285
"636",0.0129430228844285
"637",0.0127757228910923
"638",0.0129430228844285
"639",0.0123002771288157
"640",0.0123002771288157
"641",0.0123002771288157
"642",0.0127757228910923
"643",0.0131397796794772
"644",0.012560005299747
"645",0.012560005299747
"646",0.0128924157470465
"647",0.0128924157470465
"648",0.0128924157470465
"649",0.0128924157470465
"650",0.012560005299747
"651",0.012560005299747
"652",0.012560005299747
"653",0.0128924157470465
"654",0.0115594984963536
"655",0.012560005299747
"656",0.0115594984963536
"657",0.012560005299747
"658",0.012560005299747
"659",0.012560005299747
"660",0.012560005299747
"661",0.0115594984963536
"662",0.0120231863111258
"663",0.0131003158167005
"664",0.0131003158167005
"665",0.0125117544084787
"666",0.0120231863111258
"667",0.0131003158167005
"668",0.0131003158167005
"669",0.0131003158167005
"670",0.0131003158167005
"671",0.0131003158167005
"672",0.0131003158167005
"673",0.0131003158167005
"674",0.0131003158167005
"675",0.0131003158167005
"676",0.0131003158167005
"677",0.0131003158167005
"678",0.0129627380520105
"679",0.0129627380520105
"680",0.0131003158167005
"681",0.0131003158167005
"682",0.0129627380520105
"683",0.0131003158167005
"684",0.0129627380520105
"685",0.0129627380520105
"686",0.0129627380520105
"687",0.0128613971173763
"688",0.0128613971173763
"689",0.0124278943985701
"690",0.0124278943985701
"691",0.0130781643092632
"692",0.0130781643092632
"693",0.0130781643092632
"694",0.0130781643092632
"695",0.0130781643092632
"696",0.0128613971173763
"697",0.0130781643092632
"698",0.0128613971173763
"699",0.0130781643092632
"700",0.0130781643092632
"701",0.0130781643092632
"702",0.0128613971173763
"703",0.0128613971173763
"704",0.0128613971173763
"705",0.0121202897280455
"706",0.0128613971173763
"707",0.0128613971173763
"708",0.0128613971173763
"709",0.0128613971173763
"710",0.0128613971173763
"711",0.0127874091267586
"712",0.0127874091267586
"713",0.012062500230968
"714",0.012062500230968
"715",0.0127874091267586
"716",0.0127874091267586
"717",0.0127874091267586
"718",0.0128396824002266
"719",0.0127874091267586
"720",0.0127874091267586
"721",0.0127874091267586
"722",0.0127874091267586
"723",0.0127874091267586
"724",0.0127874091267586
"725",0.0127874091267586
"726",0.0127874091267586
"727",0.0127874091267586
"728",0.0127874091267586
"729",0.0127874091267586
"730",0.0127874091267586
"731",0.0127874091267586
"732",0.0127874091267586
"733",0.0127874091267586
"734",0.0127874091267586
"735",0.0127874091267586
"736",0.0127971898764372
"737",0.0127971898764372
"738",0.0127971898764372
"739",0.0128076784312725
"740",0.0127971898764372
"741",0.0127971898764372
"742",0.0128076784312725
"743",0.0127971898764372
"744",0.0127971898764372
"745",0.0127971898764372
"746",0.0127971898764372
"747",0.0128076784312725
"748",0.0128076784312725
"749",0.0128076784312725
"750",0.0127971898764372
"751",0.0127971898764372
"752",0.0127971898764372
"753",0.0127971898764372
"754",0.0127971898764372
"755",0.0128076784312725
"756",0.0128076784312725
"757",0.0127971898764372
"758",0.0127971898764372
"759",0.0128076784312725
"760",0.0128076784312725
"761",0.0128076784312725
"762",0.0127971898764372
"763",0.0127971898764372
"764",0.0128076784312725
"765",0.0127971898764372
"766",0.0128076784312725
"767",0.0127971898764372
"768",0.0127971898764372
"769",0.0127971898764372
"770",0.0127971898764372
"771",0.0114784305915236
"772",0.0127971898764372
"773",0.0127971898764372
"774",0.0127971898764372
"775",0.0127971898764372
"776",0.0127971898764372
"777",0.0127971898764372
"778",0.0127971898764372
"779",0.0127971898764372
"780",0.0128076784312725
"781",0.0127971898764372
"782",0.0127971898764372
"783",0.0127971898764372
"784",0.0127971898764372
"785",0.0127971898764372
"786",0.0127971898764372
"787",0.0127971898764372
"788",0.0127971898764372
"789",0.0127971898764372
"790",0.0127971898764372
"791",0.0127971898764372
"792",0.0127971898764372
"793",0.0114784305915236
"794",0.0126486169174314
"795",0.0114784305915236
"796",0.0114784305915236
"797",0.0119504639878869
"798",0.0132482824847102
"799",0.0128755588084459
"800",0.0128312148153782
"801",0.0128755588084459
"802",0.0128755588084459
"803",0.0128755588084459
"804",0.0127892578020692
"805",0.0127892578020692
"806",0.0127892578020692
"807",0.0127156097441912
"808",0.0121552022174001
"809",0.0127156097441912
"810",0.0127156097441912
"811",0.0127156097441912
"812",0.0121552022174001
"813",0.0127156097441912
"814",0.0121552022174001
"815",0.0126952780410647
"816",0.0126952780410647
"817",0.0126952780410647
"818",0.0126952780410647
"819",0.0126952780410647
"820",0.0126952780410647
"821",0.0125418389216065
"822",0.01263727247715
"823",0.01263727247715
"824",0.01263727247715
"825",0.01263727247715
"826",0.01263727247715
"827",0.0125050004571676
"828",0.01263727247715
"829",0.0128213744610548
"830",0.0125050004571676
"831",0.01263727247715
"832",0.0125418389216065
"833",0.0125050004571676
"834",0.0126647381111979
"835",0.0125050004571676
"836",0.0126647381111979
"837",0.0125418389216065
"838",0.0125050004571676
"839",0.0125050004571676
"840",0.0125418389216065
"841",0.0125418389216065
"842",0.0126647381111979
"843",0.0125418389216065
"844",0.0125418389216065
"845",0.0125418389216065
"846",0.0121303759515285
"847",0.0125418389216065
"848",0.0120365209877491
"849",0.0128213744610548
"850",0.0126647381111979
"851",0.0127002205699682
"852",0.0127002205699682
"853",0.0125050004571676
"854",0.0127002205699682
"855",0.0125050004571676
"856",0.0125050004571676
"857",0.0125050004571676
"858",0.0127002205699682
"859",0.0127002205699682
"860",0.0127002205699682
"861",0.0125418389216065
"862",0.0125418389216065
"863",0.0127002205699682
"864",0.0125418389216065
"865",0.0127002205699682
"866",0.012509954161942
"867",0.0125062642619014
"868",0.0129365837201476
"869",0.012509954161942
"870",0.012509954161942
"871",0.0125062642619014
"872",0.0125062642619014
"873",0.0125062642619014
"874",0.012509954161942
"875",0.012509954161942
"876",0.012509954161942
"877",0.012509954161942
"878",0.012509954161942
"879",0.0125062642619014
"880",0.012509954161942
"881",0.012509954161942
"882",0.012509954161942
"883",0.012509954161942
"884",0.0129365837201476
"885",0.012509954161942
"886",0.012509954161942
"887",0.0129365837201476
"888",0.0129365837201476
"889",0.0128818834200501
"890",0.0128818834200501
"891",0.0128818834200501
"892",0.0123876594007015
"893",0.0123876594007015
"894",0.0123876594007015
"895",0.0123876594007015
"896",0.0125443832948804
"897",0.0125443832948804
"898",0.0125443832948804
"899",0.0126242255792022
"900",0.0126242255792022
"901",0.0132807390764356
"902",0.0132807390764356
"903",0.0132807390764356
"904",0.0132807390764356
"905",0.0134682450443506
"906",0.0128407832235098
"907",0.0128407832235098
"908",0.0128407832235098
"909",0.0128407832235098
"910",0.0136219626292586
"911",0.0136219626292586
"912",0.0129271792247891
"913",0.0129271792247891
"914",0.0139797450974584
"915",0.0129327978938818
"916",0.01340545527637
"917",0.01340545527637
"918",0.0139037389308214
"919",0.0139037389308214
"920",0.0139037389308214
"921",0.0139410905539989
"922",0.0139410905539989
"923",0.0129997422918677
"924",0.0129997422918677
"925",0.0129997422918677
"926",0.0136213647201657
"927",0.0128402821719646
"928",0.0136213647201657
"929",0.0138463759794831
"930",0.0137921674177051
"931",0.0126007497310638
"932",0.0118309464305639
"933",0.0126007497310638
"934",0.0126007497310638
"935",0.0126007497310638
"936",0.0137921674177051
"937",0.0118309464305639
"938",0.0118714952841401
"939",0.0137188667431474
"940",0.0129343811422586
"941",0.0129343811422586
"942",0.0118714952841401
"943",0.0129343811422586
"944",0.0118714952841401
"945",0.0137188667431474
"946",0.0118714952841401
"947",0.0118714952841401
"948",0.0118069564923644
"949",0.0118069564923644
"950",0.0139751778915524
"951",0.0139751778915524
"952",0.0127924103289843
"953",0.0126154245808721
"954",0.0140677215531468
"955",0.0126154245808721
"956",0.0141122080385685
"957",0.0141122080385685
"958",0.0130974315106869
"959",0.0132023859769106
"960",0.0124087613075972
"961",0.0124087613075972
"962",0.0124309249222279
"963",0.0124783338978887
"964",0.0124540030956268
"965",0.0124309249222279
"966",0.0124309249222279
"967",0.0124783338978887
"968",0.0124967079609632
"969",0.0124309249222279
"970",0.0124783338978887
"971",0.0132023859769106
"972",0.0124087613075972
"973",0.0124309249222279
"974",0.0132983988150954
"975",0.0132934534922242
"976",0.0132934534922242
"977",0.0127719799056649
"978",0.0132750924676657
"979",0.0133320642635226
"980",0.0127719799056649
"981",0.0133320642635226
"982",0.0140229454264045
"983",0.0140229454264045
"984",0.0140229454264045
"985",0.0140229454264045
"986",0.0127719799056649
"987",0.0138759426772594
"988",0.0133058689534664
"989",0.0131590720266104
"990",0.0133953522890806
"991",0.0129310507327318
"992",0.0133953522890806
"993",0.0132622523233294
"994",0.0132622523233294
"995",0.0132622523233294
"996",0.0132622523233294
"997",0.0132622523233294
"998",0.013544182293117
"999",0.0134397428482771
"1000",0.0134397428482771
"1001",0.0143024865537882
"1002",0.0143024865537882
"1003",0.0143806487321854
"1004",0.0143806487321854
"1005",0.0138499950990081
"1006",0.0138499950990081
"1007",0.0138499950990081
"1008",0.0145652126520872
"1009",0.0134113682433963
"1010",0.0136196948587894
"1011",0.0136945797130466
"1012",0.0136196948587894
"1013",0.0136945797130466
"1014",0.0136945797130466
"1015",0.0131728816777468
"1016",0.0136945797130466
"1017",0.0136945797130466
"1018",0.0136945797130466
"1019",0.0136196948587894
"1020",0.0136945797130466
"1021",0.0131728816777468
"1022",0.0131728816777468
"1023",0.0131728816777468
"1024",0.0147590450942516
"1025",0.0147590450942516
"1026",0.0134770013391972
"1027",0.0134770013391972
"1028",0.0134770013391972
"1029",0.0136196948587894
"1030",0.0136196948587894
"1031",0.0136196948587894
"1032",0.0142124937847257
"1033",0.0142124937847257
"1034",0.0142124937847257
"1035",0.0139358723536134
"1036",0.0131217343732715
"1037",0.014235308393836
"1038",0.014235308393836
"1039",0.0139358723536134
"1040",0.0139358723536134
"1041",0.0139131834730506
"1042",0.0139131834730506
"1043",0.0139131834730506
"1044",0.0139922369271517
"1045",0.0139922369271517
"1046",0.0142319649457932
"1047",0.0151526825502515
"1048",0.0145195638760924
"1049",0.0145195638760924
"1050",0.0145195638760924
"1051",0.0145195638760924
"1052",0.0145516777411103
"1053",0.0145516777411103
"1054",0.013459412381053
"1055",0.0134112909436226
"1056",0.0134112909436226
"1057",0.0134112909436226
"1058",0.0134112909436226
"1059",0.013459412381053
"1060",0.013459412381053
"1061",0.0135095929726958
"1062",0.0135095929726958
"1063",0.0135095929726958
"1064",0.0134792095050216
"1065",0.0134792095050216
"1066",0.0134792095050216
"1067",0.0134792095050216
"1068",0.0140694472938776
"1069",0.0140694472938776
"1070",0.0140694472938776
"1071",0.0143081424757838
"1072",0.0143081424757838
"1073",0.014915612526238
"1074",0.0144257713109255
"1075",0.0144257713109255
"1076",0.0144257713109255
"1077",0.0155082689598203
"1078",0.0155082689598203
"1079",0.0155713837593794
"1080",0.0144377257674932
"1081",0.0144377257674932
"1082",0.0150044476613402
"1083",0.015064581297338
"1084",0.0150044476613402
"1085",0.0148366410285234
"1086",0.0148366410285234
"1087",0.0153800630941987
"1088",0.0153800630941987
"1089",0.015064581297338
"1090",0.015064581297338
"1091",0.015064581297338
"1092",0.0153800630941987
"1093",0.0150044476613402
"1094",0.015064581297338
"1095",0.0150044476613402
"1096",0.014716069214046
"1097",0.014716069214046
"1098",0.0145743060857058
"1099",0.0149727668613195
"1100",0.0149727668613195
"1101",0.0145247643813491
"1102",0.0152619117870927
"1103",0.0152619117870927
"1104",0.014833552762866
"1105",0.0143304001539946
"1106",0.0147040039300919
"1107",0.0147040039300919
"1108",0.0157322995364666
"1109",0.0139017216861248
"1110",0.0140968821942806
"1111",0.0156046319752932
"1112",0.0160690527409315
"1113",0.0160690527409315
"1114",0.0138434991240501
"1115",0.0135901141911745
"1116",0.0148383136838675
"1117",0.0128080761060119
"1118",0.0132556837052107
"1119",0.0160762704908848
"1120",0.0160762704908848
"1121",0.0160762704908848
"1122",0.0153863253071904
"1123",0.0150833148509264
"1124",0.0151313897222281
"1125",0.0145943900570273
"1126",0.0145052587613463
"1127",0.0145052587613463
"1128",0.0139750558882952
"1129",0.0151300160214305
"1130",0.0155450161546469
"1131",0.0151300160214305
"1132",0.0155450161546469
"1133",0.0154409138485789
"1134",0.0149261867627501
"1135",0.0154409138485789
"1136",0.0152738317847252
"1137",0.0149261867627501
"1138",0.0151300160214305
"1139",0.0149261867627501
"1140",0.0154409138485789
"1141",0.0151300160214305
"1142",0.0149261867627501
"1143",0.0151300160214305
"1144",0.0152738317847252
"1145",0.0154409138485789
"1146",0.0151300160214305
"1147",0.0142561886459589
"1148",0.0152738317847252
"1149",0.0149261867627501
"1150",0.0155450161546469
"1151",0.0155450161546469
"1152",0.0149261867627501
"1153",0.0152738317847252
"1154",0.0142561886459589
"1155",0.0149261867627501
"1156",0.0151349920779467
"1157",0.0151349920779467
"1158",0.0151349920779467
"1159",0.0151349920779467
"1160",0.0150681436061859
"1161",0.0150681436061859
"1162",0.0157161820679903
"1163",0.0153620345517993
"1164",0.0153620345517993
"1165",0.0153620345517993
"1166",0.0153620345517993
"1167",0.0153620345517993
"1168",0.0161165371537209
"1169",0.0153759121894836
"1170",0.0150430602952838
"1171",0.0150430602952838
"1172",0.0151264211162925
"1173",0.0150430602952838
"1174",0.0151629168540239
"1175",0.0142502347007394
"1176",0.0145348878577352
"1177",0.015143621712923
"1178",0.015143621712923
"1179",0.0151821160688996
"1180",0.0154515318572521
"1181",0.0154515318572521
"1182",0.0154515318572521
"1183",0.0149923618882895
"1184",0.0148849850520492
"1185",0.014802516438067
"1186",0.0134244821965694
"1187",0.0136641412973404
"1188",0.0134244821965694
"1189",0.0136641412973404
"1190",0.0138976573944092
"1191",0.0137942098081112
"1192",0.0138976573944092
"1193",0.016102259978652
"1194",0.0168949626386166
"1195",0.0168949626386166
"1196",0.0169965848326683
"1197",0.0158606190234423
"1198",0.0158606190234423
"1199",0.0160432923585176
"1200",0.0160579197108746
"1201",0.0140654621645808
"1202",0.0140438890084624
"1203",0.0140654621645808
"1204",0.0160579197108746
"1205",0.0160579197108746
"1206",0.0160579197108746
"1207",0.0140438890084624
"1208",0.0160579197108746
"1209",0.0140654621645808
"1210",0.0160579197108746
"1211",0.0160579197108746
"1212",0.0160579197108746
"1213",0.0160579197108746
"1214",0.0140654621645808
"1215",0.0160579197108746
"1216",0.0140654621645808
"1217",0.0160579197108746
"1218",0.0157296545803547
"1219",0.0139568615704775
"1220",0.0139568615704775
"1221",0.0139568615704775
"1222",0.0139636769890785
"1223",0.0139636769890785
"1224",0.0139636769890785
"1225",0.0139568615704775
"1226",0.0139568615704775
"1227",0.0139568615704775
"1228",0.0139568615704775
"1229",0.0139568615704775
"1230",0.0139568615704775
"1231",0.0139636769890785
"1232",0.0139568615704775
"1233",0.0139568615704775
"1234",0.0139636769890785
"1235",0.0151077779009938
"1236",0.013814790174365
"1237",0.013814790174365
"1238",0.013814790174365
"1239",0.013814790174365
"1240",0.0152573259547353
"1241",0.0152573259547353
"1242",0.0152573259547353
"1243",0.0155427046120167
"1244",0.0155427046120167
"1245",0.0155427046120167
"1246",0.0157362408936024
"1247",0.0155427046120167
"1248",0.0157062839716673
"1249",0.0152254197746515
"1250",0.0152254197746515
"1251",0.0149632943794131
"1252",0.0150661896914244
"1253",0.0147164799273014
"1254",0.0146736418828368
"1255",0.0146736418828368
"1256",0.0146736418828368
"1257",0.0150749627500772
"1258",0.0150749627500772
"1259",0.0155278109014034
"1260",0.0143606020137668
"1261",0.0154012376442552
"1262",0.0154012376442552
"1263",0.0155278109014034
"1264",0.0153343677520752
"1265",0.0152671113610268
"1266",0.0152671113610268
"1267",0.0151702780276537
"1268",0.0154924541711807
"1269",0.0154924541711807
"1270",0.0152671113610268
"1271",0.0152670601382852
"1272",0.0151042686775327
"1273",0.0151042686775327
"1274",0.0152670601382852
"1275",0.0151042686775327
"1276",0.0151042686775327
"1277",0.0151042686775327
"1278",0.0151042686775327
"1279",0.0151042686775327
"1280",0.0152451954782009
"1281",0.0147015107795596
"1282",0.0147015107795596
"1283",0.0147015107795596
"1284",0.0147015107795596
"1285",0.0147015107795596
"1286",0.013973256573081
"1287",0.013973256573081
"1288",0.0153478775173426
"1289",0.013973256573081
"1290",0.0158508494496346
"1291",0.0158508494496346
"1292",0.0158508494496346
"1293",0.0158508494496346
"1294",0.0158508494496346
"1295",0.0158508494496346
"1296",0.0159372594207525
"1297",0.0159372594207525
"1298",0.0159372594207525
"1299",0.0135008953511715
"1300",0.0159372594207525
"1301",0.0157079547643661
"1302",0.0144654018804431
"1303",0.0144654018804431
"1304",0.0160417221486568
"1305",0.0161056108772755
"1306",0.0156345795840025
"1307",0.0162934251129627
"1308",0.0162934251129627
"1309",0.0162934251129627
"1310",0.0162934251129627
"1311",0.0162934251129627
"1312",0.0162934251129627
"1313",0.0161056108772755
"1314",0.0162934251129627
"1315",0.0160433538258076
"1316",0.0161056108772755
"1317",0.0160433538258076
"1318",0.0160433538258076
"1319",0.0162934251129627
"1320",0.0160433538258076
"1321",0.0160433538258076
"1322",0.0160433538258076
"1323",0.0160433538258076
"1324",0.0160417221486568
"1325",0.0160433538258076
"1326",0.0160433538258076
"1327",0.0160433538258076
"1328",0.0160433538258076
"1329",0.0160433538258076
"1330",0.0162934251129627
"1331",0.0160433538258076
"1332",0.0160433538258076
"1333",0.0160433538258076
"1334",0.0160417221486568
"1335",0.0160433538258076
"1336",0.0162934251129627
"1337",0.0162934251129627
"1338",0.0160433538258076
"1339",0.0160433538258076
"1340",0.0160433538258076
"1341",0.0162934251129627
"1342",0.0160433538258076
"1343",0.0162934251129627
"1344",0.0162934251129627
"1345",0.0162934251129627
"1346",0.0160433538258076
"1347",0.0162934251129627
"1348",0.0160433538258076
"1349",0.0160433538258076
"1350",0.0160417221486568
"1351",0.0160433538258076
"1352",0.0160433538258076
"1353",0.0160433538258076
"1354",0.0160433538258076
"1355",0.0160417221486568
"1356",0.0160433538258076
"1357",0.0160433538258076
"1358",0.0160417221486568
"1359",0.0160417221486568
"1360",0.0160433538258076
"1361",0.0160417221486568
"1362",0.015503590926528
"1363",0.0160433538258076
"1364",0.0160417221486568
"1365",0.0160417221486568
"1366",0.0160417221486568
"1367",0.0160433538258076
"1368",0.0160417221486568
"1369",0.0160433538258076
"1370",0.0160417221486568
"1371",0.0160417221486568
"1372",0.0160417221486568
"1373",0.0160417221486568
"1374",0.0160417221486568
"1375",0.0160417221486568
"1376",0.0160417221486568
"1377",0.0160417221486568
"1378",0.0160433538258076
"1379",0.0160433538258076
"1380",0.0159741714596748
"1381",0.0159741714596748
"1382",0.0160949863493443
"1383",0.0160949863493443
"1384",0.0159741714596748
"1385",0.0159741714596748
"1386",0.0159741714596748
"1387",0.0159741714596748
"1388",0.0159741714596748
"1389",0.0160949863493443
"1390",0.0159741714596748
"1391",0.0160949863493443
"1392",0.0159741714596748
"1393",0.0159741714596748
"1394",0.0159741714596748
"1395",0.0159741714596748
"1396",0.0163538791239262
"1397",0.0159741714596748
"1398",0.0159741714596748
"1399",0.0160949863493443
"1400",0.0154549079015851
"1401",0.0154981147497892
"1402",0.0148565610870719
"1403",0.0151750389486551
"1404",0.0160949863493443
"1405",0.0158783607184887
"1406",0.015950620174408
"1407",0.0154673038050532
"1408",0.0146850375458598
"1409",0.0143954772502184
"1410",0.0133834080770612
"1411",0.0133834080770612
"1412",0.0133834080770612
"1413",0.0144926020875573
"1414",0.0142793208360672
"1415",0.0142793208360672
"1416",0.0146288778632879
"1417",0.0147255770862103
"1418",0.0148413954302669
"1419",0.0151198692619801
"1420",0.0148673448711634
"1421",0.0145321674644947
"1422",0.0145321674644947
"1423",0.0145321674644947
"1424",0.0147691983729601
"1425",0.0145321674644947
"1426",0.0145321674644947
"1427",0.0147691983729601
"1428",0.0147691983729601
"1429",0.0147712463513017
"1430",0.0145321674644947
"1431",0.0148673448711634
"1432",0.0134918987751007
"1433",0.0145321674644947
"1434",0.0147691983729601
"1435",0.0143460296094418
"1436",0.0145321674644947
"1437",0.0144925750792027
"1438",0.0147802364081144
"1439",0.0152203710749745
"1440",0.0147802364081144
"1441",0.0143896788358688
"1442",0.0147802364081144
"1443",0.0147802364081144
"1444",0.0140741877257824
"1445",0.0145540246739984
"1446",0.0142108900472522
"1447",0.0150537407025695
"1448",0.0150537407025695
"1449",0.0142921796068549
"1450",0.0145540246739984
"1451",0.0145540246739984
"1452",0.0145540246739984
"1453",0.0145540246739984
"1454",0.0145540246739984
"1455",0.0145540246739984
"1456",0.0145540246739984
"1457",0.0140714226290584
"1458",0.0140762533992529
"1459",0.0145630044862628
"1460",0.0145630044862628
"1461",0.0140618458390236
"1462",0.0145630044862628
"1463",0.0140618458390236
"1464",0.0145630044862628
"1465",0.0149940950796008
"1466",0.0145083637908101
"1467",0.0147028593346477
"1468",0.0142168123275042
"1469",0.0147028593346477
"1470",0.0147028593346477
"1471",0.014203273691237
"1472",0.0142962979152799
"1473",0.0142962979152799
"1474",0.0144653022289276
"1475",0.0142962979152799
"1476",0.0144653022289276
"1477",0.0144653022289276
"1478",0.0142962979152799
"1479",0.0142962979152799
"1480",0.0144653022289276
"1481",0.0144653022289276
"1482",0.0142962979152799
"1483",0.0149250272661448
"1484",0.0142962979152799
"1485",0.0144653022289276
"1486",0.0144653022289276
"1487",0.0144653022289276
"1488",0.0147057240828872
"1489",0.0149259064346552
"1490",0.0140612404793501
"1491",0.0140612404793501
"1492",0.0140612404793501
"1493",0.0140612404793501
"1494",0.0148878572508693
"1495",0.0148878572508693
"1496",0.014389107003808
"1497",0.0148878572508693
"1498",0.0148878572508693
"1499",0.0148878572508693
"1500",0.0141234416514635
"1501",0.0146611742675304
"1502",0.0144184520468116
"1503",0.0141488965600729
"1504",0.0137830842286348
"1505",0.0144184520468116
"1506",0.0137830842286348
"1507",0.0144184520468116
"1508",0.0147290173918009
"1509",0.0148453461006284
"1510",0.0148453461006284
"1511",0.0144184520468116
"1512",0.0144184520468116
"1513",0.0144184520468116
"1514",0.0137830842286348
"1515",0.0137830842286348
"1516",0.0137830842286348
"1517",0.0137830842286348
"1518",0.0137830842286348
"1519",0.0137830842286348
"1520",0.0137830842286348
"1521",0.0137830842286348
"1522",0.0137830842286348
"1523",0.0137830842286348
"1524",0.0137830842286348
"1525",0.0137830842286348
"1526",0.0137830842286348
"1527",0.0144274448975921
"1528",0.0143264746293426
"1529",0.0143264746293426
"1530",0.0148181319236755
"1531",0.0148181319236755
"1532",0.0148181319236755
"1533",0.0148181319236755
"1534",0.0148181319236755
"1535",0.0148181319236755
"1536",0.0148181319236755
"1537",0.0148181319236755
"1538",0.0144172618165612
"1539",0.0148759307339787
"1540",0.0148181319236755
"1541",0.0144172618165612
"1542",0.0150034800171852
"1543",0.0148181319236755
"1544",0.0148181319236755
"1545",0.0148181319236755
"1546",0.0148759307339787
"1547",0.0144274448975921
"1548",0.0144274448975921
"1549",0.0148181319236755
"1550",0.0144274448975921
"1551",0.0144927594810724
"1552",0.0147993694990873
"1553",0.0148181319236755
"1554",0.0144274448975921
"1555",0.0147993694990873
"1556",0.0149438558146358
"1557",0.0148759307339787
"1558",0.0149438558146358
"1559",0.0146487578749657
"1560",0.0146487578749657
"1561",0.0146487578749657
"1562",0.015022236853838
"1563",0.0141875278204679
"1564",0.0141875278204679
"1565",0.0141875278204679
"1566",0.0137292547151446
"1567",0.0143573610112071
"1568",0.0134304594248533
"1569",0.0142156817018986
"1570",0.0146797513589263
"1571",0.0146797513589263
"1572",0.0146797513589263
"1573",0.0138730518519878
"1574",0.0144608728587627
"1575",0.0138730518519878
"1576",0.0142156817018986
"1577",0.0138730518519878
"1578",0.0146454777568579
"1579",0.0146454777568579
"1580",0.0144876139238477
"1581",0.0144608728587627
"1582",0.0144608728587627
"1583",0.0142156817018986
"1584",0.0136676114052534
"1585",0.0142180602997541
"1586",0.0142180602997541
"1587",0.0142180602997541
"1588",0.0142180602997541
"1589",0.0143895279616117
"1590",0.0142180602997541
"1591",0.0143038323149085
"1592",0.0144133074209094
"1593",0.0140993511304259
"1594",0.0142180602997541
"1595",0.0140993511304259
"1596",0.0141787230968475
"1597",0.0139531595632434
"1598",0.0144133074209094
"1599",0.0140993511304259
"1600",0.0148814963176847
"1601",0.0139395780861378
"1602",0.0143915778025985
"1603",0.0143060004338622
"1604",0.0143915778025985
"1605",0.0146136805415154
"1606",0.0136203169822693
"1607",0.0139395780861378
"1608",0.0136203169822693
"1609",0.0139395780861378
"1610",0.0139395780861378
"1611",0.0139395780861378
"1612",0.0142043391242623
"1613",0.0138011537492275
"1614",0.0144241563975811
"1615",0.0146001353859901
"1616",0.0139395780861378
"1617",0.0140362288802862
"1618",0.0140362288802862
"1619",0.0143555477261543
"1620",0.014360805042088
"1621",0.0140362288802862
"1622",0.0144177293404937
"1623",0.0141956815496087
"1624",0.0145084923133254
"1625",0.0141956815496087
"1626",0.0145084923133254
"1627",0.0141297038644552
"1628",0.0141956815496087
"1629",0.0143153686076403
"1630",0.0143153686076403
"1631",0.0143153686076403
"1632",0.0141297038644552
"1633",0.0143153686076403
"1634",0.0141757726669312
"1635",0.0141297038644552
"1636",0.0143153686076403
"1637",0.0143029196187854
"1638",0.014360805042088
"1639",0.014360805042088
"1640",0.014360805042088
"1641",0.014360805042088
"1642",0.0147600481286645
"1643",0.0141297038644552
"1644",0.0143029196187854
"1645",0.0141757726669312
"1646",0.0132646188139915
"1647",0.0141014223918319
"1648",0.0141014223918319
"1649",0.0141014223918319
"1650",0.0141014223918319
"1651",0.0138436108827591
"1652",0.0141014223918319
"1653",0.0151315247640014
"1654",0.0141014223918319
"1655",0.0141014223918319
"1656",0.0140186119824648
"1657",0.0132646188139915
"1658",0.0132646188139915
"1659",0.0142003493383527
"1660",0.0140839442610741
"1661",0.0137344319373369
"1662",0.0145265171304345
"1663",0.0145265171304345
"1664",0.0145265171304345
"1665",0.0132646188139915
"1666",0.0132646188139915
"1667",0.0137810492888093
"1668",0.0141777954995632
"1669",0.0141470227390528
"1670",0.0141470227390528
"1671",0.0143446754664183
"1672",0.0143446754664183
"1673",0.0132489716634154
"1674",0.0132489716634154
"1675",0.0144822848960757
"1676",0.0143930139020085
"1677",0.0144822848960757
"1678",0.015287390910089
"1679",0.0144531996920705
"1680",0.014393693767488
"1681",0.0144531996920705
"1682",0.0117796435952187
"1683",0.0140138566493988
"1684",0.014393693767488
"1685",0.0119063938036561
"1686",0.0140138566493988
"1687",0.0140138566493988
"1688",0.0140138566493988
"1689",0.0117760431021452
"1690",0.0140138566493988
"1691",0.0119063938036561
"1692",0.0145795457065105
"1693",0.0145795457065105
"1694",0.0117857912555337
"1695",0.0117857912555337
"1696",0.0115461479872465
"1697",0.0145795457065105
"1698",0.0145795457065105
"1699",0.0145795457065105
"1700",0.0145795457065105
"1701",0.0145795457065105
"1702",0.0145795457065105
"1703",0.0145795457065105
"1704",0.0145795457065105
"1705",0.0148565880954266
"1706",0.0145795457065105
"1707",0.0145795457065105
"1708",0.0145795457065105
"1709",0.0145795457065105
"1710",0.0145795457065105
"1711",0.0145795457065105
"1712",0.0117857912555337
"1713",0.0145795457065105
"1714",0.0145795457065105
"1715",0.0115461479872465
"1716",0.0148445712402463
"1717",0.0145795457065105
"1718",0.0145795457065105
"1719",0.0117857912555337
"1720",0.0117857912555337
"1721",0.014191497117281
"1722",0.0144097423180938
"1723",0.0144097423180938
"1724",0.014191497117281
"1725",0.014191497117281
"1726",0.0115461479872465
"1727",0.0117857912555337
"1728",0.0115461479872465
"1729",0.014191497117281
"1730",0.0145795457065105
"1731",0.0117857912555337
"1732",0.0117857912555337
"1733",0.0144097423180938
"1734",0.0117857912555337
"1735",0.0117857912555337
"1736",0.0117857912555337
"1737",0.014768335968256
"1738",0.014567649923265
"1739",0.0145795457065105
"1740",0.014567649923265
"1741",0.0117857912555337
"1742",0.0142627097666264
"1743",0.0147282658144832
"1744",0.0142627097666264
"1745",0.0147282658144832
"1746",0.0142627097666264
"1747",0.0147282658144832
"1748",0.0147282658144832
"1749",0.0120991412550211
"1750",0.0124858701601624
"1751",0.0124858701601624
"1752",0.0120991412550211
"1753",0.0147282658144832
"1754",0.0142627097666264
"1755",0.0147282658144832
"1756",0.0147282658144832
"1757",0.0124858701601624
"1758",0.0120991412550211
"1759",0.0124858701601624
"1760",0.0147282658144832
"1761",0.0120991412550211
"1762",0.0147282658144832
"1763",0.014636717736721
"1764",0.0124858701601624
"1765",0.0143408253788948
"1766",0.0139099061489105
"1767",0.01449063885957
"1768",0.0147994169965386
"1769",0.0143408253788948
"1770",0.0143408253788948
"1771",0.0143408253788948
"1772",0.0143408253788948
"1773",0.0126984864473343
"1774",0.0126984864473343
"1775",0.0126984864473343
"1776",0.0126984864473343
"1777",0.0139099061489105
"1778",0.0143408253788948
"1779",0.0137881571426988
"1780",0.0126984864473343
"1781",0.0149315716698766
"1782",0.0126984864473343
"1783",0.0126984864473343
"1784",0.0137881571426988
"1785",0.0149225285276771
"1786",0.0149225285276771
"1787",0.0139542054384947
"1788",0.0149225285276771
"1789",0.0139542054384947
"1790",0.0139542054384947
"1791",0.0137554174289107
"1792",0.0139542054384947
"1793",0.0139542054384947
"1794",0.0135469250380993
"1795",0.0135469250380993
"1796",0.0138621227815747
"1797",0.0139542054384947
"1798",0.0138621227815747
"1799",0.0138621227815747
"1800",0.0135469250380993
"1801",0.0135469250380993
"1802",0.0138621227815747
"1803",0.0138588855043054
"1804",0.0138588855043054
"1805",0.0138621227815747
"1806",0.0138588855043054
"1807",0.0146258492022753
"1808",0.0146258492022753
"1809",0.0143760535866022
"1810",0.0151657648384571
"1811",0.0143760535866022
"1812",0.0143760535866022
"1813",0.0144954519346356
"1814",0.0146258492022753
"1815",0.0146258492022753
"1816",0.0144954519346356
"1817",0.0143592162057757
"1818",0.0143592162057757
"1819",0.0144954519346356
"1820",0.0143760535866022
"1821",0.0144954519346356
"1822",0.0151657648384571
"1823",0.0144954519346356
"1824",0.0144954519346356
"1825",0.0144954519346356
"1826",0.0144954519346356
"1827",0.0142405889928341
"1828",0.0143760535866022
"1829",0.0144954519346356
"1830",0.0143760535866022
"1831",0.0144954519346356
"1832",0.0151600018143654
"1833",0.0143760535866022
"1834",0.013428121805191
"1835",0.0151600018143654
"1836",0.0151600018143654
"1837",0.0151657648384571
"1838",0.0135377096012235
"1839",0.0151600018143654
"1840",0.014171963557601
"1841",0.0136268539354205
"1842",0.0150850722566247
"1843",0.014171963557601
"1844",0.0142625207081437
"1845",0.0153258591890335
"1846",0.0150981759652495
"1847",0.0131868561729789
"1848",0.0150850722566247
"1849",0.0150981759652495
"1850",0.0153258591890335
"1851",0.0131868561729789
"1852",0.0131868561729789
"1853",0.0131868561729789
"1854",0.0131868561729789
"1855",0.0136092053726315
"1856",0.0150850722566247
"1857",0.0137049639597535
"1858",0.0150096183642745
"1859",0.0150096183642745
"1860",0.0150096183642745
"1861",0.0149755571037531
"1862",0.0153026832267642
"1863",0.0149755571037531
"1864",0.013606121763587
"1865",0.0147669436410069
"1866",0.0142296943813562
"1867",0.0136307887732983
"1868",0.0142296943813562
"1869",0.0153484009206295
"1870",0.014042729511857
"1871",0.0153484009206295
"1872",0.0149650229141116
"1873",0.0142296943813562
"1874",0.0136042144149542
"1875",0.0149650229141116
"1876",0.0135680958628654
"1877",0.0149141540750861
"1878",0.0149141540750861
"1879",0.0149141540750861
"1880",0.0145053928717971
"1881",0.0135639989748597
"1882",0.0151969622820616
"1883",0.0136042144149542
"1884",0.0149423452094197
"1885",0.0149423452094197
"1886",0.0149423452094197
"1887",0.0129328956827521
"1888",0.0149340508505702
"1889",0.0149340508505702
"1890",0.0151969622820616
"1891",0.0149340508505702
"1892",0.0146388038992882
"1893",0.0149340508505702
"1894",0.0142118576914072
"1895",0.0132180983200669
"1896",0.0144301764667034
"1897",0.0134848561137915
"1898",0.0135133853182197
"1899",0.0142118576914072
"1900",0.0142118576914072
"1901",0.0153452763333917
"1902",0.0133225591853261
"1903",0.0130903655663133
"1904",0.0124793453142047
"1905",0.0133225591853261
"1906",0.0135743618011475
"1907",0.0137590263038874
"1908",0.0139488633722067
"1909",0.014491168782115
"1910",0.0140930321067572
"1911",0.0142118576914072
"1912",0.0139488633722067
"1913",0.0147324837744236
"1914",0.0133225591853261
"1915",0.0133225591853261
"1916",0.0139086674898863
"1917",0.0135093759745359
"1918",0.0147909559309483
"1919",0.0147909559309483
"1920",0.0142149608582258
"1921",0.0137839019298553
"1922",0.0145831890404224
"1923",0.0147883910685778
"1924",0.0142622357234359
"1925",0.0142622357234359
"1926",0.0144582930952311
"1927",0.013222698122263
"1928",0.0131282201036811
"1929",0.0133320484310389
"1930",0.013273305259645
"1931",0.0132739208638668
"1932",0.0130999470129609
"1933",0.0130999470129609
"1934",0.0138459457084537
"1935",0.013273305259645
"1936",0.0147631885483861
"1937",0.0147631885483861
"1938",0.0142767177894711
"1939",0.0142622357234359
"1940",0.0138866379857063
"1941",0.0132739208638668
"1942",0.0142149608582258
"1943",0.0130999470129609
"1944",0.0132739208638668
"1945",0.0132739208638668
"1946",0.0142149608582258
"1947",0.0132739208638668
"1948",0.0139018595218658
"1949",0.0144513975828886
"1950",0.0138865504413843
"1951",0.0144513975828886
"1952",0.0138865504413843
"1953",0.0136164389550686
"1954",0.0144166937097907
"1955",0.0141618084162474
"1956",0.0141618084162474
"1957",0.0141618084162474
"1958",0.0141618084162474
"1959",0.0141618084162474
"1960",0.0138953467831016
"1961",0.0146156726405025
"1962",0.0140291098505259
"1963",0.0141618084162474
"1964",0.0141618084162474
"1965",0.0142783997580409
"1966",0.0142783997580409
"1967",0.0141618084162474
"1968",0.0141618084162474
"1969",0.0141618084162474
"1970",0.0141618084162474
"1971",0.0141618084162474
"1972",0.0141618084162474
"1973",0.0141618084162474
"1974",0.0141618084162474
"1975",0.0141618084162474
"1976",0.0140592465177178
"1977",0.0140592465177178
"1978",0.0141618084162474
"1979",0.0141618084162474
"1980",0.0141618084162474
"1981",0.0141618084162474
"1982",0.0141618084162474
"1983",0.0141618084162474
"1984",0.0141618084162474
"1985",0.0141618084162474
"1986",0.0141618084162474
"1987",0.0141618084162474
"1988",0.0141618084162474
"1989",0.0140909850597382
"1990",0.0141618084162474
"1991",0.0141618084162474
"1992",0.0140592465177178
"1993",0.0140592465177178
"1994",0.0142783997580409
"1995",0.0140592465177178
"1996",0.0141618084162474
"1997",0.0140909850597382
"1998",0.0141001660376787
"1999",0.0141618084162474
"2000",0.0144846476614475
"2001",0.0140592465177178
"2002",0.0140909850597382
"2003",0.0141618084162474
"2004",0.0141618084162474
"2005",0.0141618084162474
"2006",0.0141618084162474
"2007",0.0141618084162474
"2008",0.0139018595218658
"2009",0.0140592465177178
"2010",0.0146592585369945
"2011",0.0138865504413843
"2012",0.0141618084162474
"2013",0.0141618084162474
"2014",0.0141618084162474
"2015",0.0141618084162474
"2016",0.0144166937097907
"2017",0.0141618084162474
"2018",0.0141001660376787
"2019",0.0141618084162474
"2020",0.0141618084162474
"2021",0.0141618084162474
"2022",0.0141618084162474
"2023",0.0141001660376787
"2024",0.0141618084162474
"2025",0.0141001660376787
"2026",0.0142783997580409
"2027",0.0141618084162474
"2028",0.0141001660376787
"2029",0.0141618084162474
"2030",0.0141001660376787
"2031",0.0141001660376787
"2032",0.0141001660376787
"2033",0.0141618084162474
"2034",0.0141001660376787
"2035",0.0141001660376787
"2036",0.0141618084162474
"2037",0.0141618084162474
"2038",0.0141618084162474
"2039",0.0141618084162474
"2040",0.0141618084162474
"2041",0.0140592465177178
"2042",0.0141618084162474
"2043",0.0141618084162474
"2044",0.0144846476614475
"2045",0.0141618084162474
"2046",0.0141618084162474
"2047",0.0141618084162474
"2048",0.0133799156174064
"2049",0.0141001660376787
"2050",0.0140592465177178
"2051",0.0140592465177178
"2052",0.0141618084162474
"2053",0.0141618084162474
"2054",0.0141618084162474
"2055",0.0141618084162474
"2056",0.0141618084162474
"2057",0.0141618084162474
"2058",0.0141618084162474
"2059",0.0141618084162474
"2060",0.0141618084162474
"2061",0.0144166937097907
"2062",0.0140592465177178
"2063",0.0141001660376787
"2064",0.0140592465177178
"2065",0.0140592465177178
"2066",0.0140592465177178
"2067",0.0141618084162474
"2068",0.0141618084162474
"2069",0.0141001660376787
"2070",0.0133799156174064
"2071",0.0141618084162474
"2072",0.0140592465177178
"2073",0.0140592465177178
"2074",0.0140592465177178
"2075",0.0141618084162474
"2076",0.0143737765029073
"2077",0.0138836959376931
"2078",0.0138836959376931
"2079",0.0140306111425161
"2080",0.0143737765029073
"2081",0.0143737765029073
"2082",0.0140306111425161
"2083",0.0138836959376931
"2084",0.0146230822429061
"2085",0.0138836959376931
"2086",0.0138836959376931
"2087",0.0143737765029073
"2088",0.0143737765029073
"2089",0.0140306111425161
"2090",0.0138836959376931
"2091",0.0138836959376931
"2092",0.0138836959376931
"2093",0.0143737765029073
"2094",0.0138836959376931
"2095",0.0138836959376931
"2096",0.0143737765029073
"2097",0.0138836959376931
"2098",0.0138836959376931
"2099",0.0138836959376931
"2100",0.0132074365392327
"2101",0.0138836959376931
"2102",0.0143737765029073
"2103",0.0138836959376931
"2104",0.0143737765029073
"2105",0.0138836959376931
"2106",0.0138836959376931
"2107",0.0138836959376931
"2108",0.0143737765029073
"2109",0.0138836959376931
"2110",0.0138836959376931
"2111",0.0138836959376931
"2112",0.0143737765029073
"2113",0.0146230822429061
"2114",0.0140609117224813
"2115",0.0140006933361292
"2116",0.0141873909160495
"2117",0.0143737765029073
"2118",0.0143737765029073
"2119",0.0143737765029073
"2120",0.0141235776245594
"2121",0.0143737765029073
"2122",0.0138836959376931
"2123",0.0143737765029073
"2124",0.0143737765029073
"2125",0.0143737765029073
"2126",0.0143737765029073
"2127",0.0145539687946439
"2128",0.0143737765029073
"2129",0.0143737765029073
"2130",0.0143737765029073
"2131",0.0143737765029073
"2132",0.0141235776245594
"2133",0.0138836959376931
"2134",0.0140375941991806
"2135",0.0140375941991806
"2136",0.0140801789239049
"2137",0.0141058312729001
"2138",0.0141058312729001
"2139",0.0133918719366193
"2140",0.0133918719366193
"2141",0.0133918719366193
"2142",0.0133918719366193
"2143",0.0133918719366193
"2144",0.0133918719366193
"2145",0.0137376748025417
"2146",0.0133174369111657
"2147",0.0137376748025417
"2148",0.0137376748025417
"2149",0.0143677545711398
"2150",0.0145061202347279
"2151",0.0137822777032852
"2152",0.0137725044041872
"2153",0.013259713537991
"2154",0.0137343304231763
"2155",0.0137343304231763
"2156",0.0124725745990872
"2157",0.0137343304231763
"2158",0.0131929935887456
"2159",0.0138844503089786
"2160",0.0137996971607208
"2161",0.0136504620313644
"2162",0.0136509938165545
"2163",0.0136509938165545
"2164",0.0136187402531505
"2165",0.0135282808914781
"2166",0.0133651215583086
"2167",0.0133651215583086
"2168",0.0136859808117151
"2169",0.0126784006133676
"2170",0.0136624369770288
"2171",0.0136624369770288
"2172",0.0133651215583086
"2173",0.0133651215583086
"2174",0.0133651215583086
"2175",0.0136859808117151
"2176",0.0133651215583086
"2177",0.0133651215583086
"2178",0.0126784006133676
"2179",0.0126784006133676
"2180",0.0126784006133676
"2181",0.0126784006133676
"2182",0.0126784006133676
"2183",0.012399728409946
"2184",0.012399728409946
"2185",0.012399728409946
"2186",0.0131124462932348
"2187",0.0135238859802485
"2188",0.0131109822541475
"2189",0.0131109822541475
"2190",0.012399728409946
"2191",0.0133176352828741
"2192",0.0139912543818355
"2193",0.0132629768922925
"2194",0.0125715602189302
"2195",0.0125715602189302
"2196",0.0125715602189302
"2197",0.0117769902572036
"2198",0.0132629768922925
"2199",0.013603001832962
"2200",0.0133103020489216
"2201",0.0133103020489216
"2202",0.0132180042564869
"2203",0.0137426340952516
"2204",0.0137426340952516
"2205",0.0137426340952516
"2206",0.0137426340952516
"2207",0.0137426340952516
"2208",0.0137426340952516
"2209",0.0137426340952516
"2210",0.0137426340952516
"2211",0.0137426340952516
"2212",0.0134630715474486
"2213",0.0137426340952516
"2214",0.0137426340952516
"2215",0.0137426340952516
"2216",0.0139485849067569
"2217",0.0134630715474486
"2218",0.0137426340952516
"2219",0.0134630715474486
"2220",0.0128529127687216
"2221",0.0128529127687216
"2222",0.0133811458945274
"2223",0.0133811458945274
"2224",0.013117060996592
"2225",0.013117060996592
"2226",0.013117060996592
"2227",0.0119171189144254
"2228",0.0126353660598397
"2229",0.0130053954198956
"2230",0.0127318790182471
"2231",0.0127210961654782
"2232",0.0125373788177967
"2233",0.0127233481034636
"2234",0.01250652782619
"2235",0.0127233481034636
"2236",0.01250652782619
"2237",0.0127619011327624
"2238",0.0128438426181674
"2239",0.0127262864261866
"2240",0.0122945001348853
"2241",0.0127262864261866
"2242",0.0127584878355265
"2243",0.0127584878355265
"2244",0.0127146188169718
"2245",0.0127146188169718
"2246",0.0127975912764668
"2247",0.0144567666575313
"2248",0.0122449891641736
"2249",0.0126151768490672
"2250",0.0129162464290857
"2251",0.0139757338911295
"2252",0.012746898457408
"2253",0.013158792629838
"2254",0.013158792629838
"2255",0.013158792629838
"2256",0.013158792629838
"2257",0.013158792629838
"2258",0.013158792629838
"2259",0.013158792629838
"2260",0.013158792629838
"2261",0.013158792629838
"2262",0.013158792629838
"2263",0.013158792629838
"2264",0.013158792629838
"2265",0.013158792629838
"2266",0.013158792629838
"2267",0.013158792629838
"2268",0.013158792629838
"2269",0.013158792629838
"2270",0.013158792629838
"2271",0.013158792629838
"2272",0.013158792629838
"2273",0.013158792629838
"2274",0.013158792629838
"2275",0.013158792629838
"2276",0.013158792629838
"2277",0.013158792629838
"2278",0.0133974105119705
"2279",0.0133974105119705
"2280",0.0128639675676823
"2281",0.0128639675676823
"2282",0.0128639675676823
"2283",0.0128726316615939
"2284",0.0121817840263247
"2285",0.0127321360632777
"2286",0.0135904550552368
"2287",0.0127321360632777
"2288",0.0135904550552368
"2289",0.0135904550552368
"2290",0.0127321360632777
"2291",0.0127321360632777
"2292",0.0135904550552368
"2293",0.0135904550552368
"2294",0.0121817840263247
"2295",0.0135904550552368
"2296",0.0127321360632777
"2297",0.0135904550552368
"2298",0.0135904550552368
"2299",0.0118616502732038
"2300",0.0118616502732038
"2301",0.0135904550552368
"2302",0.0135904550552368
"2303",0.0135904550552368
"2304",0.0118616502732038
"2305",0.0121879801154137
"2306",0.0121879801154137
"2307",0.012986596673727
"2308",0.0128747560083866
"2309",0.012986596673727
"2310",0.012986596673727
"2311",0.012986596673727
"2312",0.0130312936380506
"2313",0.0130312936380506
"2314",0.0130312936380506
"2315",0.012986596673727
"2316",0.012986596673727
"2317",0.012986596673727
"2318",0.012986596673727
"2319",0.012986596673727
"2320",0.012986596673727
"2321",0.012986596673727
"2322",0.012986596673727
"2323",0.0123430052772164
"2324",0.0123430052772164
"2325",0.0124335996806622
"2326",0.0123430052772164
"2327",0.012426576577127
"2328",0.0127531029284
"2329",0.0133856469765306
"2330",0.0133856469765306
"2331",0.0129284486174583
"2332",0.0129284486174583
"2333",0.0129284486174583
"2334",0.0133831379935145
"2335",0.0125012621283531
"2336",0.0129284486174583
"2337",0.0129284486174583
"2338",0.0123403491452336
"2339",0.013317028991878
"2340",0.013317028991878
"2341",0.0123403491452336
"2342",0.0123403491452336
"2343",0.0123403491452336
"2344",0.0123403491452336
"2345",0.0123403491452336
"2346",0.0131427105516195
"2347",0.0131427105516195
"2348",0.0131218302994967
"2349",0.0131218302994967
"2350",0.0131218302994967
"2351",0.0131218302994967
"2352",0.0131218302994967
"2353",0.0131218302994967
"2354",0.0131218302994967
"2355",0.0131218302994967
"2356",0.0131218302994967
"2357",0.0131218302994967
"2358",0.0131218302994967
"2359",0.012520607560873
"2360",0.0131829744204879
"2361",0.0134896626695991
"2362",0.012520607560873
"2363",0.0123389717191458
"2364",0.0125274807214737
"2365",0.0132174342870712
"2366",0.0132174342870712
"2367",0.0132174342870712
"2368",0.013271676376462
"2369",0.0132174342870712
"2370",0.0132174342870712
"2371",0.0125806452706456
"2372",0.0126086883246899
"2373",0.0129138706251979
"2374",0.0133024696260691
"2375",0.0126528441905975
"2376",0.0130682373419404
"2377",0.0127162262797356
"2378",0.0127551956102252
"2379",0.0126481531187892
"2380",0.0128039363771677
"2381",0.0128039363771677
"2382",0.0128039363771677
"2383",0.0128039363771677
"2384",0.0128039363771677
"2385",0.0128039363771677
"2386",0.0127305816859007
"2387",0.0127305816859007
"2388",0.0127305816859007
"2389",0.0128039363771677
"2390",0.0121767912060022
"2391",0.0129077369347215
"2392",0.0129077369347215
"2393",0.012818600051105
"2394",0.0128896459937096
"2395",0.0131147932261229
"2396",0.0131147932261229
"2397",0.0133278872817755
"2398",0.0133278872817755
"2399",0.0134333604946733
"2400",0.0134333604946733
"2401",0.0134333604946733
"2402",0.0134333604946733
"2403",0.0134333604946733
"2404",0.0135324159637094
"2405",0.0135324159637094
"2406",0.0135324159637094
"2407",0.0135324159637094
"2408",0.0135324159637094
"2409",0.0135324159637094
"2410",0.0135324159637094
"2411",0.0135324159637094
"2412",0.0135324159637094
"2413",0.0135324159637094
"2414",0.0135324159637094
"2415",0.013147191144526
"2416",0.0135324159637094
"2417",0.0137807046994567
"2418",0.0135324159637094
"2419",0.0135324159637094
"2420",0.0135324159637094
"2421",0.012415342964232
"2422",0.0135324159637094
"2423",0.0123758986592293
"2424",0.0134166525676847
"2425",0.0123758986592293
"2426",0.0124601870775223
"2427",0.0123758986592293
"2428",0.0123758986592293
"2429",0.0123758986592293
"2430",0.0124601870775223
"2431",0.0124601870775223
"2432",0.012439152225852
"2433",0.0125648677349091
"2434",0.0125648677349091
"2435",0.0125648677349091
"2436",0.0125648677349091
"2437",0.0139810889959335
"2438",0.0127416756004095
"2439",0.0127416756004095
"2440",0.0138820577412844
"2441",0.0149632431566715
"2442",0.0149632431566715
"2443",0.0126127619296312
"2444",0.0126127619296312
"2445",0.0126127619296312
"2446",0.0126555096358061
"2447",0.0127144148573279
"2448",0.0127144148573279
"2449",0.0127144148573279
"2450",0.0126481298357248
"2451",0.0126481298357248
"2452",0.0125968148931861
"2453",0.0124484160915017
"2454",0.0125968148931861
"2455",0.0125968148931861
"2456",0.0125968148931861
"2457",0.0125968148931861
"2458",0.0125440955162048
